City_ID,City,Country,Date,Lat,Lng,Max Temp,Humidity,Cloudiness,Wind Speed
0,Vaini,TO,2021-07-14 04:17:00,-21.2,-175.2,71.76,88,75,13.8
1,Vanino,RU,2021-07-14 04:21:54,49.0869,140.2543,84.72,55,97,7.92
2,Hobart,AU,2021-07-14 04:14:45,-42.8794,147.3294,55.11,90,75,1.01
3,Guerrero Negro,MX,2021-07-14 04:15:40,27.9769,-114.0611,69.91,80,21,13.82
4,Bluff,NZ,2021-07-14 04:16:42,-46.6,168.3333,49.8,80,100,22.84
5,Alofi,NU,2021-07-14 04:17:33,-19.0595,-169.9187,78.69,89,50,11.5
6,Saldanha,ZA,2021-07-14 04:18:57,-33.0117,17.9442,48.54,71,38,6.13
7,Goderich,CA,2021-07-14 04:18:03,43.7501,-81.7165,67.91,94,98,8.05
8,Punta Arenas,CL,2021-07-14 04:16:42,-53.15,-70.9167,28.51,93,75,3.44
9,Voh,NC,2021-07-14 04:21:55,-20.9667,164.7,74.71,46,0,8.79
10,Puerto Ayora,EC,2021-07-14 04:16:52,-0.7393,-90.3518,71.71,89,79,9.8
11,Bredasdorp,ZA,2021-07-14 04:16:46,-34.5322,20.0403,39.27,79,4,7.54
12,Hervey Bay,AU,2021-07-14 04:17:56,-25.2986,152.8535,74.03,65,12,5.01
13,Jamestown,US,2021-07-14 04:11:58,42.097,-79.2353,70.92,94,90,5.01
14,Narsaq,GL,2021-07-14 04:17:36,60.9167,-46.05,46.62,75,100,2.48
15,Cape Town,ZA,2021-07-14 04:15:03,-33.9258,18.4232,48.11,81,75,1.99
16,Betare Oya,CM,2021-07-14 04:21:55,5.6,14.0833,64.45,99,72,2.13
17,New Norfolk,AU,2021-07-14 04:17:11,-42.7826,147.0587,54.75,88,100,0.96
18,Saskylakh,RU,2021-07-14 04:17:36,71.9167,114.0833,45.64,49,100,18.9
19,Rikitea,PF,2021-07-14 04:16:41,-23.1203,-134.9692,73.92,70,2,12.66
20,Huarmey,PE,2021-07-14 04:16:53,-10.0681,-78.1522,64.72,85,54,10.11
21,General Roca,AR,2021-07-14 04:21:56,-39.0333,-67.5833,28.8,42,2,6.31
22,Chuy,UY,2021-07-14 04:17:10,-33.6971,-53.4616,54.25,91,98,6.98
23,Hasaki,JP,2021-07-14 04:17:20,35.7333,140.8333,84.29,84,93,8.12
24,Cidreira,BR,2021-07-14 04:17:09,-30.1811,-50.2056,62.78,83,100,4.34
25,Santa Cruz,BO,2021-07-14 04:21:56,-17.8,-63.1667,77.58,49,35,8.52
26,San Quintin,MX,2021-07-14 04:18:06,30.4833,-115.95,68.59,83,13,3.56
27,Ushuaia,AR,2021-07-14 04:16:44,-54.8,-68.3,29.86,80,20,4.61
28,Albany,US,2021-07-14 04:11:56,42.6001,-73.9662,71.53,92,99,3.0
29,Cajamarca,PE,2021-07-14 04:21:56,-7.1638,-78.5003,51.91,90,30,6.24
30,Elmadag,TR,2021-07-14 04:21:57,39.9208,33.2308,65.34,65,0,3.44
31,Nyagan,RU,2021-07-14 04:21:57,62.1406,65.3936,55.99,44,5,7.9
32,Pangai,TO,2021-07-14 04:21:57,-19.8,-174.35,80.71,74,75,5.75
33,Kholtoson,RU,2021-07-14 04:21:58,50.2981,103.3097,66.87,57,83,2.62
34,Carnarvon,AU,2021-07-14 04:17:35,-24.8667,113.6333,69.87,60,40,5.75
35,Korla,CN,2021-07-14 04:21:58,41.7597,86.1469,81.84,36,100,5.35
36,Chidambaram,IN,2021-07-14 04:21:58,11.4,79.7,87.62,53,100,8.79
37,Labuhan,ID,2021-07-14 04:19:02,-6.8844,112.2051,83.97,57,100,4.45
38,Byron Bay,AU,2021-07-14 04:21:59,-28.65,153.6167,71.71,54,95,13.47
39,Hermanus,ZA,2021-07-14 04:16:56,-34.4187,19.2345,47.89,75,46,9.8
40,Torit,SS,2021-07-14 04:21:59,4.4133,32.5678,68.16,95,100,3.13
41,Longyearbyen,SJ,2021-07-14 04:18:08,78.2186,15.6401,39.04,87,75,9.22
42,Barsovo,RU,2021-07-14 04:21:59,61.1667,73.1667,50.13,64,100,16.22
43,Winnemucca,US,2021-07-14 04:21:59,40.973,-117.7357,82.45,16,1,3.44
44,Busselton,AU,2021-07-14 04:16:51,-33.65,115.3333,57.04,67,56,20.83
45,Kapaa,US,2021-07-14 04:16:57,22.0752,-159.319,84.18,77,20,14.97
46,Barrow,US,2021-07-14 04:13:27,71.2906,-156.7887,33.82,86,90,10.36
47,Paamiut,GL,2021-07-14 04:18:27,61.994,-49.6678,45.61,78,100,6.6
48,Mataura,NZ,2021-07-14 04:16:47,-46.1927,168.8643,49.48,69,100,9.48
49,Birjand,IR,2021-07-14 04:22:00,32.8663,59.2211,86.47,13,0,9.22
50,Salalah,OM,2021-07-14 04:18:37,17.0151,54.0924,80.69,94,90,5.75
51,Kuldur,RU,2021-07-14 04:22:00,49.2167,131.6333,85.32,65,100,8.14
52,Atuona,PF,2021-07-14 04:16:56,-9.8,-139.0333,78.42,73,31,22.53
53,Cherskiy,RU,2021-07-14 04:17:28,68.75,161.3,45.32,81,100,4.45
54,Huilong,CN,2021-07-14 04:22:00,31.8111,121.655,86.43,76,99,11.83
55,Jasper,US,2021-07-14 04:20:11,37.2001,-94.3502,77.56,74,1,6.91
56,Port Alfred,ZA,2021-07-14 04:16:43,-33.5906,26.891,51.08,68,88,16.6
57,Fort Nelson,CA,2021-07-14 04:15:08,58.8053,-122.7002,76.59,53,75,2.3
58,Haines Junction,CA,2021-07-14 04:22:01,60.7522,-137.5108,58.95,47,67,6.91
59,Qaanaaq,GL,2021-07-14 04:16:51,77.484,-69.3632,39.11,82,100,1.57
60,Chara,RU,2021-07-14 04:22:01,56.9064,118.2631,74.19,38,76,2.39
61,Los Llanos De Aridane,ES,2021-07-14 04:18:33,28.6585,-17.9182,65.95,83,0,17.27
62,Aurangabad,IN,2021-07-14 04:18:15,19.8833,75.3333,78.89,78,93,11.1
63,Upernavik,GL,2021-07-14 04:16:47,72.7868,-56.1549,40.84,94,100,33.93
64,Coquimbo,CL,2021-07-14 04:22:02,-29.9533,-71.3436,55.13,76,90,5.75
65,Katsuura,JP,2021-07-14 04:18:31,35.1333,140.3,82.51,81,86,6.71
66,Turukhansk,RU,2021-07-14 04:18:24,65.8167,87.9833,53.4,45,91,6.69
67,Hambantota,LK,2021-07-14 04:18:02,6.1241,81.1185,86.2,62,84,21.7
68,Bethel,US,2021-07-14 04:15:27,41.3712,-73.414,70.09,93,90,5.75
69,Laurel,US,2021-07-14 04:18:11,39.0993,-76.8483,83.66,78,1,1.99
70,Kodiak,US,2021-07-14 04:15:43,57.79,-152.4072,54.91,76,90,10.36
71,Portree,GB,2021-07-14 04:22:02,57.4129,-6.1942,56.52,90,99,4.05
72,Butaritari,KI,2021-07-14 04:15:16,3.0707,172.7902,82.31,77,82,12.75
73,Alexandria,EG,2021-07-14 04:18:28,31.2156,29.9553,80.56,69,0,6.91
74,Hilo,US,2021-07-14 04:17:33,19.7297,-155.09,80.33,64,1,10.36
75,Chhatapur,IN,2021-07-14 04:22:03,26.2167,87.0167,88.61,67,41,11.39
76,Sao Filipe,CV,2021-07-14 04:18:21,14.8961,-24.4956,73.08,89,100,2.42
77,Tuatapere,NZ,2021-07-14 04:17:42,-46.1333,167.6833,49.82,93,100,9.1
78,Lobez,PL,2021-07-14 04:22:03,53.6392,15.6213,71.28,83,31,7.74
79,Puerto Rico,AR,2021-07-14 04:22:03,-26.796,-55.024,60.39,71,84,2.93
80,Lima,PE,2021-07-14 04:20:06,-12.0432,-77.0282,61.9,84,90,11.5
81,Severo-Kurilsk,RU,2021-07-14 04:17:09,50.6789,156.125,58.68,90,100,8.32
82,Kungurtug,RU,2021-07-14 04:17:41,50.5994,97.5228,70.52,47,20,2.44
83,Tasiilaq,GL,2021-07-14 04:16:48,65.6145,-37.6368,44.76,95,97,5.66
84,Saint George,US,2021-07-14 04:17:36,37.1041,-113.5841,93.67,29,75,24.16
85,Atasu,KZ,2021-07-14 04:22:04,48.6814,71.6433,52.56,85,100,16.64
86,Cayenne,GF,2021-07-14 04:17:34,4.9333,-52.3333,77.09,89,20,0.0
87,Georgetown,MY,2021-07-14 04:16:55,5.4112,100.3354,85.95,66,40,2.3
88,Lebu,CL,2021-07-14 04:17:01,-37.6167,-73.65,46.94,80,4,13.47
89,Namibe,AO,2021-07-14 04:22:04,-15.1961,12.1522,62.1,89,53,1.16
90,Estacion Coahuila,MX,2021-07-14 04:22:04,32.1939,-115.0017,97.9,50,60,17.54
91,Catio,GW,2021-07-14 04:22:05,11.2833,-15.25,77.23,89,100,5.64
92,Dire Dawa,ET,2021-07-14 04:22:05,9.5931,41.8661,69.19,71,100,22.82
93,Zaltan,LY,2021-07-14 04:22:05,32.947,11.8665,78.75,86,1,15.03
94,Hilton Head Island,US,2021-07-14 04:22:06,32.2163,-80.7526,80.98,84,20,0.0
95,Henties Bay,NA,2021-07-14 04:22:06,-22.116,14.2845,57.72,48,0,6.93
96,Buarcos,PT,2021-07-14 04:22:06,40.166,-8.8768,58.55,96,2,1.99
97,Zhanakorgan,KZ,2021-07-14 04:22:06,43.9098,67.2495,76.96,31,0,10.04
98,Mahebourg,MU,2021-07-14 04:16:54,-20.4081,57.7,70.09,88,75,12.66
99,Hithadhoo,MV,2021-07-14 04:17:00,-0.6,73.0833,81.99,75,19,6.24
100,Olafsvik,IS,2021-07-14 04:16:52,64.8945,-23.7142,48.69,87,100,19.91
101,Vallenar,CL,2021-07-14 04:22:07,-28.5708,-70.7581,50.31,84,0,3.38
102,Maryville,US,2021-07-14 04:22:07,35.7565,-83.9705,75.15,91,77,3.96
103,Lagos,NG,2021-07-14 04:22:07,6.5833,3.75,79.12,85,100,6.26
104,Bar Harbor,US,2021-07-14 04:17:50,44.3876,-68.2039,64.89,69,90,5.01
105,Axim,GH,2021-07-14 04:22:08,4.8699,-2.2405,76.84,81,100,9.53
106,Puteyets,RU,2021-07-14 04:22:08,65.1716,57.091,60.94,39,49,4.92
107,Ballina,AU,2021-07-14 04:22:08,-28.8667,153.5667,71.78,52,94,9.08
108,Massaguet,TD,2021-07-14 04:22:09,12.4755,15.4365,80.64,59,100,9.6
109,Magdagachi,RU,2021-07-14 04:22:09,53.45,125.8,72.46,58,100,6.58
110,Hanna,CA,2021-07-14 04:22:09,51.6334,-111.9018,72.91,63,59,1.01
111,Anadyr,RU,2021-07-14 04:17:51,64.75,177.4833,61.3,67,0,6.71
112,Bathsheba,BB,2021-07-14 04:16:45,13.2167,-59.5167,81.21,78,40,17.27
113,Kuytun,RU,2021-07-14 04:22:10,54.3419,101.5036,66.58,67,100,3.8
114,Asau,RO,2021-07-14 04:17:54,46.4333,26.4,68.76,85,0,2.19
115,Dikson,RU,2021-07-14 04:16:58,73.5069,80.5464,35.1,92,43,15.23
116,Arraial Do Cabo,BR,2021-07-14 04:12:08,-22.9661,-42.0278,70.52,89,0,21.99
117,Sechura,PE,2021-07-14 04:22:10,-5.5569,-80.8222,67.14,77,9,11.92
118,Ensley,US,2021-07-14 04:22:10,30.5188,-87.2728,82.53,91,1,0.0
119,Castro,BR,2021-07-14 04:16:45,-24.7911,-50.0119,53.85,67,99,1.9
120,Geraldton,AU,2021-07-14 04:16:55,-28.7667,114.6,64.81,72,75,20.71
121,Ocean City,US,2021-07-14 04:21:26,39.2776,-74.5746,78.82,86,100,4.0
122,Klyuchi,RU,2021-07-14 04:18:53,52.2667,79.1667,74.46,58,47,18.75
123,Beloha,MG,2021-07-14 04:22:11,-25.1667,45.05,62.55,82,0,2.39
124,Kawalu,ID,2021-07-14 04:22:11,-7.3817,108.2082,81.25,61,90,4.92
125,Oktyabrskiy,RU,2021-07-14 04:22:11,54.4815,53.471,65.59,45,2,6.91
126,Tuktoyaktuk,CA,2021-07-14 04:16:52,69.4541,-133.0374,48.2,71,75,17.27
127,Cabo San Lucas,MX,2021-07-14 04:13:09,22.8909,-109.9124,83.52,62,75,3.0
128,Kidal,ML,2021-07-14 04:22:12,18.4411,1.4078,89.92,36,7,13.73
129,Srednekolymsk,RU,2021-07-14 04:22:12,67.45,153.6833,64.45,41,13,3.94
130,Newton Stewart,GB,2021-07-14 04:22:12,54.9578,-4.4832,49.95,95,58,5.12
131,Chokurdakh,RU,2021-07-14 04:16:49,70.6333,147.9167,55.85,46,52,9.51
132,Saint-Philippe,RE,2021-07-14 04:17:28,-21.3585,55.7679,69.35,70,8,8.52
133,Constitucion,CL,2021-07-14 04:17:47,-35.3333,-72.4167,46.87,70,0,5.17
134,Kaili,ID,2021-07-14 04:22:13,-3.4626,120.2147,72.07,84,100,2.51
135,Pita,GN,2021-07-14 04:22:13,10.8333,-12.5833,70.84,99,71,0.85
136,Vardo,NO,2021-07-14 04:16:43,70.3705,31.1107,53.8,93,100,19.57
137,Flin Flon,CA,2021-07-14 04:22:13,54.7682,-101.865,61.03,56,18,5.03
138,San Buenaventura,MX,2021-07-14 04:22:13,27.0833,-101.5333,83.48,67,69,13.27
139,Ginir,ET,2021-07-14 04:22:14,7.1333,40.7,57.24,86,100,7.61
140,Yaan,NG,2021-07-14 04:22:14,7.3833,8.5667,71.22,95,100,5.19
141,Senador Pompeu,BR,2021-07-14 04:22:14,-5.5881,-39.3717,71.91,63,27,3.27
142,Nikolskoye,RU,2021-07-14 04:17:04,59.7035,30.7861,75.09,84,99,1.1
143,Maltahohe,NA,2021-07-14 04:22:15,-24.8333,16.9833,29.3,82,0,8.88
144,Caravelas,BR,2021-07-14 04:18:35,-17.7125,-39.2481,70.56,87,0,5.01
145,Husavik,IS,2021-07-14 04:18:11,66.0449,-17.3389,53.51,69,59,5.53
146,Sarai,RU,2021-07-14 04:20:09,53.7458,41.0213,72.72,66,0,7.18
147,Yeppoon,AU,2021-07-14 04:22:15,-23.1333,150.7333,67.78,70,89,12.24
148,Khatanga,RU,2021-07-14 04:17:52,71.9667,102.5,44.92,56,96,17.81
149,Tondabayashi,JP,2021-07-14 04:22:15,34.5,135.6,88.97,59,75,1.01
150,Broken Hill,AU,2021-07-14 04:22:16,-31.95,141.4333,67.1,45,48,19.93
151,Atar,MR,2021-07-14 04:17:54,20.5169,-13.0499,88.11,32,27,4.59
152,Ugoofaaru,MV,2021-07-14 04:17:57,5.6667,73.0,82.11,79,100,11.18
153,Thompson,CA,2021-07-14 04:15:50,55.7435,-97.8558,55.56,62,40,0.0
154,Iskateley,RU,2021-07-14 04:21:13,67.6803,53.1512,56.79,64,100,4.43
155,Bilma,NE,2021-07-14 04:22:16,18.6853,12.9164,87.37,29,10,8.03
156,Cap Malheureux,MU,2021-07-14 04:17:56,-19.9842,57.6142,70.29,82,5,5.01
157,Codrington,AU,2021-07-14 04:17:44,-38.2667,141.9667,58.1,78,86,16.26
158,Kalemie,CD,2021-07-14 04:22:16,-5.9475,29.1947,70.29,52,48,2.48
159,Pangnirtung,CA,2021-07-14 04:16:42,66.1451,-65.7125,43.59,96,100,3.67
160,Palmas,BR,2021-07-14 04:22:17,-10.2128,-48.3603,69.67,73,0,5.75
161,Niquero,CU,2021-07-14 04:22:17,20.0431,-77.5828,79.25,83,53,8.63
162,Taoudenni,ML,2021-07-14 04:22:17,22.6783,-3.9836,96.08,9,1,11.18
163,Dennery,LC,2021-07-14 04:22:17,13.8996,-60.8879,80.69,83,40,19.57
164,Sioux Lookout,CA,2021-07-14 04:22:18,50.1001,-91.917,62.98,72,75,5.75
165,Yellowknife,CA,2021-07-14 04:14:57,62.456,-114.3525,66.33,52,98,10.07
166,Makakilo City,US,2021-07-14 04:22:18,21.3469,-158.0858,82.72,64,1,6.91
167,San Patricio,US,2021-07-14 04:18:42,28.017,-97.5169,82.85,82,20,7.72
168,Burnie,AU,2021-07-14 04:22:18,-41.0667,145.9167,51.93,95,100,11.61
169,Kijang,KR,2021-07-14 04:22:19,35.2442,129.2139,89.33,74,81,13.13
170,Victoria,HK,2021-07-14 04:15:07,22.2855,114.1577,93.96,77,51,8.01
171,Airai,TL,2021-07-14 04:17:00,-8.9266,125.4092,74.26,46,100,4.9
172,Totkomlos,HU,2021-07-14 04:22:19,46.4167,20.7333,79.14,54,2,9.08
173,Synya,RU,2021-07-14 04:22:19,65.3718,58.0387,60.53,39,48,3.15
174,Mar Del Plata,AR,2021-07-14 04:16:56,-38.0023,-57.5575,45.12,12,12,4.0
175,Lasa,IT,2021-07-14 04:18:18,46.6166,10.7002,54.63,96,96,1.1
176,Xining,CN,2021-07-14 04:22:19,36.6167,101.7667,71.55,45,100,2.68
177,Vila Velha,BR,2021-07-14 04:17:59,-20.3297,-40.2925,66.15,100,40,3.44
178,Avarua,CK,2021-07-14 04:17:17,-21.2078,-159.775,77.05,73,20,8.05
179,Nanortalik,GL,2021-07-14 04:18:23,60.1432,-45.2371,45.18,81,100,8.41
180,Coxim,BR,2021-07-14 04:22:20,-18.5067,-54.76,69.22,36,4,3.67
181,Kaitangata,NZ,2021-07-14 04:16:43,-46.2817,169.8464,49.93,50,99,6.02
182,La Rioja,ES,2021-07-14 04:22:20,42.25,-2.5,53.38,94,14,4.14
183,Poum,NC,2021-07-14 04:18:08,-20.2333,164.0167,70.93,63,28,9.46
184,Sola,VU,2021-07-14 04:17:26,-13.8833,167.55,80.38,79,31,19.48
185,Fairbanks,US,2021-07-14 04:18:00,64.8378,-147.7164,79.02,41,20,1.01
186,Quatre Cocos,MU,2021-07-14 04:18:20,-20.2078,57.7625,69.91,77,38,17.43
187,Katherine,AU,2021-07-14 04:22:20,-14.4667,132.2667,89.92,29,93,5.75
188,Malinovoye Ozero,RU,2021-07-14 04:21:18,51.6753,79.7825,71.56,61,53,21.83
189,Port-Gentil,GA,2021-07-14 04:17:27,-0.7193,8.7815,74.95,79,43,12.77
190,Kavaratti,IN,2021-07-14 04:18:44,10.5669,72.642,82.98,81,100,19.26
191,East London,ZA,2021-07-14 04:17:11,-33.0153,27.9116,50.94,50,0,17.27
192,Seoul,KR,2021-07-14 04:15:30,37.5683,126.9778,93.61,62,75,8.05
193,Sikandarpur,IN,2021-07-14 04:22:21,26.05,84.05,91.87,56,12,11.3
194,Avera,US,2021-07-14 04:17:38,33.194,-82.5271,75.07,76,68,6.44
195,Negara,ID,2021-07-14 04:22:21,-8.3151,114.6025,82.92,58,82,11.86
196,Mancio Lima,BR,2021-07-14 04:22:21,-7.6142,-72.8958,74.19,78,47,2.66
197,Upata,VE,2021-07-14 04:22:22,8.0086,-62.3989,74.19,95,100,3.02
198,Sitka,US,2021-07-14 04:22:22,57.0531,-135.33,55.29,71,90,5.75
199,Tiksi,RU,2021-07-14 04:17:05,71.6872,128.8694,47.61,87,99,17.56
200,Khani,GE,2021-07-14 04:22:22,41.9563,42.9566,63.97,85,94,1.41
201,Beyneu,KZ,2021-07-14 04:22:23,45.3167,55.2,81.75,21,0,6.49
202,Sabzevar,IR,2021-07-14 04:20:08,36.2126,57.6819,87.08,25,40,11.5
203,Samarai,PG,2021-07-14 04:18:32,-10.6167,150.6667,79.39,86,60,15.03
204,Morehead,US,2021-07-14 04:22:23,37.2711,-87.1764,73.15,97,40,0.0
205,Lazo,RU,2021-07-14 04:22:23,43.3817,133.9014,87.84,42,71,5.39
206,Sungairaya,ID,2021-07-14 04:22:24,0.7,108.9,75.61,85,100,21.59
207,Norman Wells,CA,2021-07-14 04:16:51,65.282,-126.8329,73.44,46,75,3.44
208,Buraydah,SA,2021-07-14 04:21:53,26.326,43.975,86.45,14,28,5.53
209,Bay City,US,2021-07-14 04:22:24,43.5945,-83.8889,70.29,92,75,5.75
210,Leh,IN,2021-07-14 04:18:13,34.1667,77.5833,61.52,41,28,6.44
211,Channel-Port Aux Basques,CA,2021-07-14 04:22:24,47.5702,-59.1367,56.14,64,0,4.05
212,Scarborough,GB,2021-07-14 04:22:25,54.2797,-0.4044,58.78,90,42,1.99
213,Port Blair,IN,2021-07-14 04:22:25,11.6667,92.75,84.58,74,46,9.57
214,Trincomalee,LK,2021-07-14 04:14:56,8.5711,81.2335,85.62,65,100,17.2
215,Baykit,RU,2021-07-14 04:22:25,61.67,96.37,72.93,39,9,7.92
216,Sindor,RU,2021-07-14 04:22:25,62.8629,51.8905,61.09,57,98,6.2
217,Bengkulu,ID,2021-07-14 04:16:57,-3.8004,102.2655,80.55,60,100,1.23
218,Cockburn Town,TC,2021-07-14 04:18:00,21.4612,-71.1419,80.28,82,0,17.16
219,Berlevag,NO,2021-07-14 04:18:04,70.8578,29.0864,51.8,93,100,16.75
220,Stoina,RO,2021-07-14 04:22:26,44.6833,23.6333,72.16,74,0,3.71
221,Letka,RU,2021-07-14 04:22:26,59.6011,49.4232,64.99,51,55,3.4
222,Ribeira Grande,PT,2021-07-14 04:18:22,38.5167,-28.7,69.67,83,64,12.97
223,Klaksvik,FO,2021-07-14 04:17:12,62.2266,-6.589,50.92,95,95,13.38
224,Isangel,VU,2021-07-14 04:17:24,-19.55,169.2667,72.82,68,38,17.72
225,Kaduy,RU,2021-07-14 04:22:27,59.2,37.15,71.64,56,89,0.11
226,Oranjestad,AW,2021-07-14 04:21:22,12.524,-70.027,82.35,78,20,17.27
227,Brae,GB,2021-07-14 04:22:27,60.3964,-1.353,57.11,92,92,1.79
228,Lompoc,US,2021-07-14 04:18:01,34.6391,-120.4579,67.78,83,90,6.91
229,Huntsville,US,2021-07-14 04:22:27,34.7304,-86.5861,71.31,91,1,10.0
230,Mount Gambier,AU,2021-07-14 04:17:15,-37.8333,140.7667,57.11,88,90,10.36
231,Leningradskiy,RU,2021-07-14 04:18:01,69.3833,178.4167,43.92,85,55,14.47
232,San Cristobal,VE,2021-07-14 04:17:46,7.7669,-72.225,64.44,77,33,3.04
233,Souillac,MU,2021-07-14 04:18:28,-20.5167,57.5167,70.18,88,75,12.66
234,Kenai,US,2021-07-14 04:22:27,60.5544,-151.2583,61.03,86,20,9.22
235,Yulara,AU,2021-07-14 04:18:12,-25.2406,130.9889,62.44,88,90,8.05
236,Necochea,AR,2021-07-14 04:18:55,-38.5473,-58.7368,43.81,68,23,3.98
237,Birin,NP,2021-07-14 04:22:28,26.8865,88.0718,65.64,92,99,2.3
238,Roma,US,2021-07-14 04:20:24,43.2128,-75.4557,71.74,90,90,3.44
239,Januaria,BR,2021-07-14 04:22:28,-15.4833,-44.3667,66.24,47,24,2.24
240,Laguna,US,2021-07-14 04:17:22,38.421,-121.4238,84.04,60,1,1.99
241,Miramar,US,2021-07-14 04:22:28,25.9873,-80.2323,80.02,88,1,3.44
242,Ormara,PK,2021-07-14 04:22:29,25.2088,64.6357,89.85,67,100,8.21
243,Waynesboro,US,2021-07-14 04:22:29,38.0685,-78.8895,75.18,81,80,4.38
244,Voloshka,RU,2021-07-14 04:22:29,61.3314,40.0858,70.43,56,98,3.56
245,Ilulissat,GL,2021-07-14 04:18:10,69.2167,-51.1,48.22,87,75,9.22
246,Muros,ES,2021-07-14 04:22:30,42.7762,-9.0603,62.83,80,19,9.28
247,Halifax,CA,2021-07-14 04:12:59,44.6453,-63.5724,57.42,88,48,3.8
248,Orbetello,IT,2021-07-14 04:22:30,42.4408,11.2196,66.24,88,6,10.36
249,Sao Borja,BR,2021-07-14 04:21:14,-28.6606,-56.0044,66.83,57,100,7.07
250,Kyra,RU,2021-07-14 04:22:30,49.5776,111.9753,72.68,73,92,6.17
251,Bani,DO,2021-07-14 04:22:30,18.2833,-70.3333,78.75,78,9,10.58
252,Touros,BR,2021-07-14 04:18:16,-5.1989,-35.4608,76.1,88,55,12.3
253,Shimoda,JP,2021-07-14 04:17:08,34.6667,138.95,77.36,81,100,8.03
254,Santa Cruz Del Sur,CU,2021-07-14 04:22:31,20.7147,-77.9956,78.6,87,60,14.23
255,Ahipara,NZ,2021-07-14 04:18:15,-35.1667,173.1667,55.44,60,5,7.16
256,Praia Da Vitoria,PT,2021-07-14 04:18:37,38.7333,-27.0667,69.76,100,75,7.63
257,San Policarpo,PH,2021-07-14 04:22:31,12.1791,125.5072,83.25,80,64,8.1
258,Pecos,US,2021-07-14 04:22:31,31.4229,-103.4932,82.31,47,1,14.97
259,Bismarck,US,2021-07-14 04:18:01,46.8083,-100.7837,73.24,58,1,5.01
260,Valparaiso,CL,2021-07-14 04:20:51,-33.0393,-71.6273,52.48,79,0,2.3
261,Arrentela,PT,2021-07-14 04:22:32,38.6167,-9.1,63.64,86,20,13.8
262,Razdolnoye,RU,2021-07-14 04:22:32,43.55,131.9167,73.81,67,73,14.34
263,Coahuayana,MX,2021-07-14 04:18:23,18.7333,-103.6833,79.14,89,98,2.59
264,Genhe,CN,2021-07-14 04:22:32,50.7833,121.5167,69.28,99,100,9.04
265,Ishigaki,JP,2021-07-14 04:22:33,24.3448,124.1572,89.73,70,40,11.5
266,Sontra,DE,2021-07-14 04:22:33,51.0667,9.9333,64.13,95,100,6.8
267,Angoche,MZ,2021-07-14 04:22:33,-16.2325,39.9086,68.59,91,7,3.06
268,Nikel,RU,2021-07-14 04:22:34,69.4128,30.222,53.78,92,100,12.77
269,Roebourne,AU,2021-07-14 04:22:34,-20.7833,117.1333,77.56,50,100,9.44
270,Luderitz,NA,2021-07-14 04:17:50,-26.6481,15.1594,51.76,43,0,5.55
271,Saint-Pierre,RE,2021-07-14 04:22:34,-21.3393,55.4781,69.44,56,0,4.61
272,Faanui,PF,2021-07-14 04:17:19,-16.4833,-151.75,79.75,76,9,18.3
273,Vila,PT,2021-07-14 04:22:35,42.0304,-8.1588,52.34,87,18,5.37
274,Ewa Beach,US,2021-07-14 04:17:42,21.3156,-158.0072,84.15,63,1,15.01
275,Batagay,RU,2021-07-14 04:22:35,67.6333,134.6333,78.98,30,56,9.84
276,Port Pirie,AU,2021-07-14 04:22:35,-33.1833,138.0167,69.89,52,10,15.86
277,Verkhoyansk,RU,2021-07-14 04:22:35,67.5447,133.385,79.97,33,68,10.27
278,Opuwo,NA,2021-07-14 04:17:42,-18.0607,13.84,52.0,36,0,9.6
279,Lodja,CD,2021-07-14 04:22:36,-3.4833,23.4333,60.87,40,1,1.63
280,Buin,CL,2021-07-14 04:22:36,-33.7333,-70.75,51.06,77,0,1.5
281,Maraa,BR,2021-07-14 04:22:36,-1.8333,-65.3667,71.69,99,99,1.72
282,Tilichiki,RU,2021-07-14 04:17:30,60.4667,166.1,59.41,78,95,6.73
283,Tipuani,BO,2021-07-14 04:22:37,-15.5648,-68.0185,70.84,77,90,1.61
284,Esperance,AU,2021-07-14 04:17:17,-33.8667,121.9,60.96,61,43,25.55
285,Acapulco,MX,2021-07-14 04:22:37,16.8634,-99.8901,80.91,86,100,5.95
286,Almirante,PA,2021-07-14 04:22:37,9.3,-82.4,78.51,87,75,3.15
287,Zhuhai,CN,2021-07-14 04:22:38,22.2769,113.5678,94.78,70,20,10.36
288,Log,RU,2021-07-14 04:20:16,49.4844,43.8613,75.22,44,0,6.02
289,Along,IN,2021-07-14 04:22:38,28.1667,94.7667,78.26,96,100,1.54
290,Ulagan,RU,2021-07-14 04:22:38,50.6321,87.9563,75.2,33,49,1.79
291,Ponta Do Sol,PT,2021-07-14 04:17:19,32.6667,-17.1,70.43,74,0,6.2
292,Kruisfontein,ZA,2021-07-14 04:18:39,-34.0033,24.7314,41.88,73,41,7.78
293,Puttur,IN,2021-07-14 04:22:39,12.7667,75.2167,75.31,88,100,5.79
294,Barcelos,PT,2021-07-14 04:22:39,41.5388,-8.6151,62.92,90,3,4.12
295,Meulaboh,ID,2021-07-14 04:16:49,4.1363,96.1285,81.63,77,43,2.84
296,Broome,US,2021-07-14 04:18:11,42.2506,-75.833,71.02,89,90,1.99
297,Chiang Klang,TH,2021-07-14 04:22:39,19.2938,100.8617,87.13,62,50,3.42
298,Puerto Carreno,CO,2021-07-14 04:18:20,6.189,-67.4859,75.97,91,99,3.06
299,Kurchum,KZ,2021-07-14 04:22:40,48.5722,83.6542,73.98,39,91,12.59
300,Apatin,RS,2021-07-14 04:22:40,45.6711,18.9847,73.27,45,77,8.05
301,Kanniyakumari,IN,2021-07-14 04:22:40,8.0833,77.5667,83.01,68,100,19.84
302,Yatsushiro,JP,2021-07-14 04:22:41,32.5,130.6,91.8,61,13,4.25
303,Banda Aceh,ID,2021-07-14 04:19:03,5.5577,95.3222,85.19,67,58,13.33
304,Atambua,ID,2021-07-14 04:22:41,-9.1061,124.8925,83.75,51,61,2.15
305,San Martin,AR,2021-07-14 04:22:41,-33.081,-68.4681,46.94,40,0,6.24
306,Pangkalanbuun,ID,2021-07-14 04:22:41,-2.6833,111.6167,71.76,98,100,4.61
307,Miri,MY,2021-07-14 04:22:42,4.4148,114.0089,87.94,74,40,8.05
308,Loncoche,CL,2021-07-14 04:22:42,-39.3667,-72.6333,39.88,98,34,1.34
309,Pelym,RU,2021-07-14 04:22:42,61.0108,61.9978,59.99,40,0,5.7
310,Lavrentiya,RU,2021-07-14 04:16:50,65.5833,-171.0,48.81,84,76,6.71
311,Dukat,RU,2021-07-14 04:22:43,62.55,155.55,67.82,40,98,8.34
312,Krutinka,RU,2021-07-14 04:22:43,56.0055,71.5113,48.29,89,100,19.64
313,Port Elizabeth,ZA,2021-07-14 04:17:31,-33.918,25.5701,46.69,71,40,9.22
314,Saint-Georges,GD,2021-07-14 04:22:43,12.0564,-61.7485,77.74,85,28,11.3
315,Sukhothai,TH,2021-07-14 04:22:44,17.25,99.6667,93.81,79,40,2.3
316,Balabac,PH,2021-07-14 04:22:44,7.9868,117.0645,84.61,74,41,5.32
317,Baruun-Urt,MN,2021-07-14 04:22:44,46.6806,113.2792,86.16,41,1,12.86
318,Pudozh,RU,2021-07-14 04:22:45,61.8099,36.5345,71.71,60,64,2.55
319,Ranau,MY,2021-07-14 04:22:45,5.9538,116.6641,81.25,61,69,2.3
320,West Wendover,US,2021-07-14 04:22:45,40.7391,-114.0733,88.81,19,1,5.75
321,Panjab,AF,2021-07-14 04:22:45,34.388,67.0233,64.74,32,0,4.32
322,Chapais,CA,2021-07-14 04:17:48,49.7834,-74.8492,65.98,78,96,9.31
323,Pitimbu,BR,2021-07-14 04:22:46,-7.4706,-34.8086,73.99,83,16,10.38
324,Patiya,BD,2021-07-14 04:22:46,22.2931,91.9762,87.75,70,40,11.5
325,Kondinskoye,RU,2021-07-14 04:22:46,59.6481,67.41,54.05,44,13,17.69
326,Silikatnyy,RU,2021-07-14 04:22:47,53.9896,48.3275,72.72,81,88,4.94
327,Torbay,CA,2021-07-14 04:17:41,47.6666,-52.7314,49.75,90,75,8.05
328,Krasnyy Chikoy,RU,2021-07-14 04:22:47,50.3643,108.7512,69.12,72,71,11.16
329,Knysna,ZA,2021-07-14 04:22:47,-34.0363,23.0471,43.18,81,9,6.26
330,Rock Sound,BS,2021-07-14 04:22:47,24.9,-76.2,81.59,82,6,17.25
331,Namatanai,PG,2021-07-14 04:18:24,-3.6667,152.4333,84.56,69,33,12.84
332,Gazanjyk,TM,2021-07-14 04:22:48,39.2446,55.5154,85.73,51,27,5.88
333,Fort-Shevchenko,KZ,2021-07-14 04:22:48,44.5086,50.263,80.06,48,99,5.59
334,Robe,AU,2021-07-14 04:22:48,-37.1833,139.75,58.44,83,99,20.13
335,Requena,ES,2021-07-14 04:22:48,39.4883,-1.1004,61.72,63,19,4.92
336,Fort Smith,US,2021-07-14 04:22:49,35.3859,-94.3986,80.64,72,1,1.99
337,Phangnga,TH,2021-07-14 04:22:49,8.4509,98.5298,87.91,61,96,3.44
338,Evensk,RU,2021-07-14 04:22:49,61.95,159.2333,53.73,88,97,7.92
339,Georgiyevka,KZ,2021-07-14 04:22:50,43.0369,74.7114,75.24,53,40,6.71
340,Iqaluit,CA,2021-07-14 04:17:03,63.7506,-68.5145,44.33,93,90,10.0
341,Nagato,JP,2021-07-14 04:18:28,34.3833,131.2,85.91,73,10,5.35
342,Tual,ID,2021-07-14 04:22:50,-5.6667,132.75,81.18,81,93,16.87
343,Marystown,CA,2021-07-14 04:22:50,47.1666,-55.1483,52.65,85,34,2.64
344,Tambura,SS,2021-07-14 04:22:50,5.6,27.4667,64.15,92,90,3.02
345,Launceston,AU,2021-07-14 04:18:42,-41.45,147.1667,51.8,94,75,1.01
346,Hamilton,US,2021-07-14 04:13:31,39.1834,-84.5333,72.55,94,20,0.0
347,Dunedin,NZ,2021-07-14 04:17:34,-45.8742,170.5036,50.81,46,96,4.0
348,Kattivakkam,IN,2021-07-14 04:22:51,13.2167,80.3167,87.89,60,100,12.97
349,Saint-Leu,RE,2021-07-14 04:18:52,-21.15,55.2833,68.83,73,39,2.91
350,Wajima,JP,2021-07-14 04:22:51,37.4,136.9,83.08,78,75,5.75
351,Hurghada,EG,2021-07-14 04:22:51,27.2574,33.8129,84.24,34,0,13.8
352,Talcahuano,CL,2021-07-14 04:22:52,-36.7167,-73.1167,38.88,93,0,4.61
353,Serra Talhada,BR,2021-07-14 04:21:47,-7.9919,-38.2983,64.0,87,6,7.23
354,Jining,CN,2021-07-14 04:22:52,35.405,116.5814,96.28,51,72,11.88
355,Ketchikan,US,2021-07-14 04:22:52,55.3422,-131.6461,57.67,88,75,11.5
356,Whitehorse,CA,2021-07-14 04:22:53,60.7161,-135.0538,61.57,48,75,5.99
357,Ajdabiya,LY,2021-07-14 04:22:53,30.7554,20.2263,76.68,60,0,6.4
358,Chimbarongo,CL,2021-07-14 04:22:53,-34.7,-71.05,37.72,82,1,2.19
359,Maamba,ZM,2021-07-14 04:22:54,-17.3667,27.15,58.84,41,17,5.48
360,Jalu,LY,2021-07-14 04:22:54,29.0331,21.5482,79.83,41,0,4.72
361,Rawson,AR,2021-07-14 04:17:52,-43.3002,-65.1023,46.89,57,100,10.76
362,Iksha,RU,2021-07-14 04:22:55,56.1667,37.5167,79.9,67,0,4.12
363,Karratha,AU,2021-07-14 04:18:25,-20.7377,116.8463,77.4,50,100,10.38
364,Punta Cardon,VE,2021-07-14 04:22:55,11.6581,-70.215,79.32,83,91,24.38
365,Barda,AZ,2021-07-14 04:22:55,40.3744,47.1267,74.48,40,90,5.17
366,Tigil,RU,2021-07-14 04:22:55,57.8,158.6667,59.32,95,100,4.43
367,Pasni,PK,2021-07-14 04:22:56,25.2631,63.471,89.37,68,93,4.21
368,Terme,TR,2021-07-14 04:22:56,41.2092,36.9739,75.96,73,0,4.47
369,Mananara,MG,2021-07-14 04:22:56,-16.1667,49.7667,66.51,94,32,5.14
370,Pathein,MM,2021-07-14 04:17:18,16.7833,94.7333,87.76,65,41,6.69
371,Voi,KE,2021-07-14 04:22:57,-3.3945,38.563,68.23,79,94,9.22
372,Revelstoke,CA,2021-07-14 04:22:57,50.9832,-118.2023,73.42,68,1,2.3
373,Apt,FR,2021-07-14 04:22:57,43.8833,5.4,58.64,90,17,6.15
374,Vestmanna,FO,2021-07-14 04:17:21,62.1564,-7.1664,49.12,100,90,12.66
375,Neiafu,TO,2021-07-14 04:22:58,-18.65,-173.9833,77.68,94,75,0.0
376,Newtownards,GB,2021-07-14 04:22:58,54.5924,-5.6909,57.15,90,90,2.3
377,Dzaoudzi,YT,2021-07-14 04:22:58,-12.7887,45.2699,73.29,88,75,10.36
378,Oliveira De Azemeis,PT,2021-07-14 04:22:59,40.841,-8.4756,58.82,90,3,2.57
379,Guararapes,BR,2021-07-14 04:22:59,-21.2608,-50.6428,62.64,40,0,7.54
380,Mirnyy,RU,2021-07-14 04:22:59,62.5353,113.9611,70.3,63,100,4.76
381,Goure,NE,2021-07-14 04:23:00,13.9835,10.2704,79.02,45,20,6.53
382,Onega,RU,2021-07-14 04:23:00,63.9061,38.1404,67.19,61,27,1.97
383,Luwuk,ID,2021-07-14 04:23:00,-0.9516,122.7875,76.32,94,100,8.86
384,Egvekinot,RU,2021-07-14 04:23:01,66.3167,-179.1667,57.92,64,97,5.61
385,Sebu,PH,2021-07-14 04:23:01,6.22,124.6936,79.7,75,83,1.21
386,Kropotkin,RU,2021-07-14 04:23:01,45.4375,40.5756,73.29,49,8,8.95
387,Zhigansk,RU,2021-07-14 04:23:01,66.7697,123.3711,66.63,71,49,20.29
388,Grindavik,IS,2021-07-14 04:16:55,63.8424,-22.4338,49.55,93,75,14.97
389,Verkhnyaya Toyma,RU,2021-07-14 04:23:02,62.2349,44.9985,69.67,82,4,2.3
390,Paris,FR,2021-07-14 04:20:05,48.8534,2.3488,60.58,96,75,3.0
391,Jhelum,PK,2021-07-14 04:23:02,32.9331,73.7264,86.41,65,70,9.69
392,Ndele,CF,2021-07-14 04:23:02,8.4109,20.6473,68.76,98,100,2.1
393,Shepsi,RU,2021-07-14 04:23:03,44.0361,39.1489,75.72,81,28,3.13
394,Dekernes,EG,2021-07-14 04:23:03,31.0876,31.595,76.89,73,0,3.42
395,Jumla,NP,2021-07-14 04:15:12,29.2747,82.1838,64.76,85,100,1.34
396,Lagoa,PT,2021-07-14 04:16:46,39.05,-27.9833,68.59,79,97,15.39
397,Lewisporte,CA,2021-07-14 04:23:03,49.2499,-55.0482,55.78,78,18,7.31
398,Dudinka,RU,2021-07-14 04:18:49,69.4058,86.1778,49.48,49,54,5.55
399,Sistranda,NO,2021-07-14 04:23:04,63.7256,8.834,58.96,88,100,12.41
400,Ossora,RU,2021-07-14 04:23:04,59.2353,163.0719,60.93,82,78,4.47
401,Biak,ID,2021-07-14 04:18:50,-0.9131,122.8766,74.98,93,100,10.85
402,Sambava,MG,2021-07-14 04:23:04,-14.2667,50.1667,68.59,84,29,8.23
403,Beaufort,MY,2021-07-14 04:20:57,5.3473,115.7455,86.16,59,76,4.36
404,Port Hedland,AU,2021-07-14 04:23:05,-20.3167,118.5667,80.65,50,90,10.36
405,Dekar,BW,2021-07-14 04:23:05,-21.5333,21.9333,32.23,60,0,8.88
406,Teguldet,RU,2021-07-14 04:23:05,57.3064,88.1667,75.96,63,25,5.95
407,Te Anau,NZ,2021-07-14 04:17:52,-45.4167,167.7167,41.41,96,100,8.7
408,Bryan,US,2021-07-14 04:23:06,30.6744,-96.37,73.15,90,1,3.44
409,Moranbah,AU,2021-07-14 04:23:06,-22.0016,148.0466,79.68,39,3,7.58
410,Porto Velho,BR,2021-07-14 04:23:06,-8.7619,-63.9039,71.65,88,0,2.3
411,Rosetta,EG,2021-07-14 04:23:07,31.4044,30.4164,80.42,66,0,9.91
412,Vasyshcheve,UA,2021-07-14 04:23:07,49.8285,36.3269,70.48,64,0,4.47
413,Manzil Kamil,TN,2021-07-14 04:23:07,35.6248,10.6673,76.44,61,0,21.85
414,Utete,TZ,2021-07-14 04:23:07,-7.986,38.758,68.56,96,50,1.03
415,Nouakchott,MR,2021-07-14 04:23:08,18.0858,-15.9785,76.93,84,86,16.02
416,Ranong,TH,2021-07-14 04:23:08,9.9658,98.6348,87.73,72,84,7.4
417,Frejus,FR,2021-07-14 04:23:08,43.4329,6.7352,66.0,69,57,10.0
418,Turbat,PK,2021-07-14 04:23:09,26.0023,63.044,94.3,51,100,3.65
419,Almaznyy,RU,2021-07-14 04:23:09,48.0448,40.045,73.54,50,0,8.88
420,Homer,US,2021-07-14 04:23:09,59.6425,-151.5483,61.09,89,75,9.22
421,Kavieng,PG,2021-07-14 04:19:00,-2.5744,150.7967,85.21,69,37,16.28
422,Abalak,RU,2021-07-14 04:23:09,58.1286,68.5944,53.71,50,100,15.35
423,Bilibino,RU,2021-07-14 04:18:14,68.0546,166.4372,63.54,60,69,8.16
424,Morant Bay,JM,2021-07-14 04:19:05,17.8815,-76.4093,82.02,87,16,11.36
425,Idaho Falls,US,2021-07-14 04:23:10,43.4666,-112.0341,73.0,48,75,3.0
426,Constantine,DZ,2021-07-14 04:23:10,36.365,6.6147,65.61,88,75,4.61
427,Kulhudhuffushi,MV,2021-07-14 04:23:10,6.6221,73.07,82.26,79,58,12.82
428,Una,IN,2021-07-14 04:23:11,20.8167,71.0333,84.61,75,77,8.84
429,Saint-Louis,SN,2021-07-14 04:23:11,16.3333,-15.0,79.86,67,58,15.77
430,Uyskoye,RU,2021-07-14 04:23:11,54.3775,60.0047,56.16,50,22,11.39
431,Bubaque,GW,2021-07-14 04:23:12,11.2833,-15.8333,79.56,83,95,12.1
432,Port Macquarie,AU,2021-07-14 04:17:37,-31.4333,152.9167,60.39,54,100,5.28
433,Naze,JP,2021-07-14 04:23:12,28.3667,129.4833,85.12,75,100,8.3
434,Novyy Urengoy,RU,2021-07-14 04:23:12,66.0833,76.6333,50.04,47,7,7.65
435,Gbarnga,LR,2021-07-14 04:23:12,6.9956,-9.4722,70.02,99,81,1.3
436,Luganville,VU,2021-07-14 04:17:40,-15.5333,167.1667,78.75,86,93,14.29
437,Nador,MA,2021-07-14 04:23:13,35.174,-2.9287,68.25,77,75,0.0
438,La Libertad,EC,2021-07-14 04:20:58,-2.2333,-80.9,69.62,84,99,8.79
439,Balykshi,KZ,2021-07-14 04:23:13,47.0667,51.8667,82.4,28,0,4.47
440,Skjervoy,NO,2021-07-14 04:23:13,70.0311,20.9714,51.8,91,100,7.65
441,Honghu,CN,2021-07-14 04:23:13,29.8206,113.4621,93.06,59,11,16.82
442,Salta,AR,2021-07-14 04:23:14,-24.7859,-65.4117,59.59,68,90,1.99
443,Mabay,PH,2021-07-14 04:23:14,6.0577,124.4666,85.32,72,77,5.91
444,Tingi,TZ,2021-07-14 04:23:14,-11.3,35.0333,57.43,84,22,3.67
445,Provideniya,RU,2021-07-14 04:17:01,64.3833,-173.3,46.51,81,20,11.18
446,Nome,US,2021-07-14 04:17:06,64.5011,-165.4064,57.16,71,90,8.05
447,Ternate,ID,2021-07-14 04:23:14,0.8,127.4,83.01,75,78,2.95
448,Richards Bay,ZA,2021-07-14 04:18:38,-28.783,32.0377,58.24,49,45,14.05
449,Alice Springs,AU,2021-07-14 04:13:47,-23.7,133.8833,83.75,17,8,18.41
450,Pevek,RU,2021-07-14 04:17:13,69.7008,170.3133,44.06,83,87,5.32
451,Fenoarivo Atsinanana,MG,2021-07-14 04:23:15,-17.3667,49.4167,65.68,91,55,6.26
452,Abu Dhabi,AE,2021-07-14 04:21:17,24.4667,54.3667,95.11,43,56,12.66
453,Nowogard,PL,2021-07-14 04:23:15,53.6744,15.1163,71.38,83,0,5.75
454,Rundu,NA,2021-07-14 04:23:15,-17.9333,19.7667,46.09,47,37,9.1
455,Novopokrovka,UA,2021-07-14 04:23:16,49.8425,36.5477,70.18,60,0,4.63
456,Vila Do Maio,CV,2021-07-14 04:23:16,15.1333,-23.2167,75.99,88,100,10.63
457,Vilhena,BR,2021-07-14 04:21:04,-12.7406,-60.1458,67.24,52,0,3.09
458,Sorong,ID,2021-07-14 04:23:16,-0.8833,131.25,82.71,78,72,2.3
459,Monforte De Lemos,ES,2021-07-14 04:23:17,42.5216,-7.5142,58.28,98,54,0.78
460,Campbell River,CA,2021-07-14 04:23:17,50.0163,-125.2446,74.73,48,20,5.75
461,Soyo,AO,2021-07-14 04:23:17,-6.1349,12.3689,72.01,86,76,7.61
462,Oranjemund,NA,2021-07-14 04:23:18,-28.55,16.4333,49.98,48,0,7.05
463,Yarke Pole,UA,2021-07-14 04:23:18,45.608,34.3172,75.67,68,9,8.93
464,Santa Marta,CO,2021-07-14 04:23:18,11.2408,-74.199,79.34,80,71,11.83
465,Tura,IN,2021-07-14 04:17:53,25.5198,90.2201,79.59,81,100,6.2
466,Lorengau,PG,2021-07-14 04:18:36,-2.0226,147.2712,85.32,72,56,12.06
467,Hay River,CA,2021-07-14 04:16:43,60.8156,-115.7999,76.98,41,20,8.05
468,Sawakin,SD,2021-07-14 04:18:38,19.1059,37.3321,91.81,42,68,6.73
469,Uruguaiana,BR,2021-07-14 04:23:19,-29.7547,-57.0883,66.13,82,0,8.05
470,Beringovskiy,RU,2021-07-14 04:18:22,63.05,179.3167,54.39,78,81,4.03
471,Altamont,US,2021-07-14 04:23:19,42.2068,-121.7372,78.76,36,1,10.36
472,Svetlyy,RU,2021-07-14 04:23:19,54.675,20.1347,66.25,91,2,6.35
473,Sinop,TR,2021-07-14 04:23:20,41.7711,34.8709,68.43,69,0,3.15
474,La Union,PE,2021-07-14 04:23:20,-5.4,-80.75,67.77,74,8,11.68
475,Banjar,ID,2021-07-14 04:23:20,-8.19,114.9675,82.26,50,74,1.23
476,Farafangana,MG,2021-07-14 04:23:20,-22.8167,47.8333,64.29,88,4,4.68
477,Mbigou,GA,2021-07-14 04:23:21,-1.9005,11.906,61.79,99,23,1.43
478,Mount Isa,AU,2021-07-14 04:23:21,-20.7333,139.5,85.77,19,3,14.97
479,Jiangyou,CN,2021-07-14 04:23:21,31.7667,104.7167,86.2,73,99,4.45
480,Pisco,PE,2021-07-14 04:18:58,-13.7,-76.2167,64.02,86,48,1.5
481,Volsk,RU,2021-07-14 04:23:22,52.0333,47.3833,72.97,73,28,5.21
482,Chicama,PE,2021-07-14 04:23:22,-7.8447,-79.1469,65.17,83,38,6.17
483,Bay-Khaak,RU,2021-07-14 04:23:27,51.1667,94.5,78.01,36,10,4.18
484,Mercedes,AR,2021-07-14 04:23:28,-34.6515,-59.4307,48.83,71,100,8.14
485,Irati,BR,2021-07-14 04:23:28,-25.4672,-50.6511,52.29,84,94,1.07
486,Zambezi,ZM,2021-07-14 04:23:28,-13.5432,23.1047,49.89,66,3,3.85
487,Shelburne,CA,2021-07-14 04:16:42,44.0787,-80.2041,67.89,100,99,11.14
488,Gimli,CA,2021-07-14 04:19:12,50.6336,-96.9907,68.02,60,82,3.44
489,Svarychiv,UA,2021-07-14 04:23:29,48.9622,24.1966,61.83,77,0,3.91
490,Dingle,PH,2021-07-14 04:17:19,10.9995,122.6711,88.29,64,57,4.99
491,Poopo,BO,2021-07-14 04:23:29,-18.3667,-66.9667,43.68,33,74,1.97
492,Muli,MV,2021-07-14 04:23:29,2.9167,73.5667,81.41,77,99,4.54
493,Fortuna,US,2021-07-14 04:17:05,40.5982,-124.1573,62.42,90,90,1.01
494,Roald,NO,2021-07-14 04:18:15,62.5833,6.1333,62.91,94,75,11.5
495,Bandarbeyla,SO,2021-07-14 04:18:04,9.4942,50.8122,82.29,60,100,28.54
496,Najran,SA,2021-07-14 04:23:30,17.4924,44.1277,88.45,27,99,4.83
497,Galle,LK,2021-07-14 04:23:30,6.0367,80.217,81.73,81,100,14.88
498,San-Pedro,CI,2021-07-14 04:23:30,4.7485,-6.6363,75.11,87,96,8.88
499,Durdevo,RS,2021-07-14 04:23:30,45.3247,20.0647,82.6,44,23,11.99
500,Cordoba,AR,2021-07-14 04:19:54,-31.4135,-64.1811,55.76,46,75,4.0
501,Asosa,ET,2021-07-14 04:23:31,10.0667,34.5333,59.99,94,100,3.24
502,Unity,CA,2021-07-14 04:23:31,52.4501,-109.1682,64.74,56,90,6.91
503,Puerto Ayacucho,VE,2021-07-14 04:23:31,5.6639,-67.6236,74.32,94,100,2.53
504,La Orilla,MX,2021-07-14 04:23:32,17.9833,-102.2333,79.79,87,100,3.98
505,Oistins,BB,2021-07-14 04:23:32,13.0667,-59.5333,80.69,78,40,17.27
506,Yangjiang,CN,2021-07-14 04:23:32,21.85,111.9667,93.94,63,89,8.19
507,Guasdualito,VE,2021-07-14 04:23:33,7.2424,-70.7324,69.91,94,37,0.54
508,Portland,US,2021-07-14 04:17:55,45.5234,-122.6762,77.59,59,1,1.99
509,Port Hardy,CA,2021-07-14 04:18:23,50.6996,-127.4199,59.18,82,75,12.66
510,Bezhetsk,RU,2021-07-14 04:23:33,57.7851,36.6965,70.12,76,70,1.66
511,Hobyo,SO,2021-07-14 04:17:26,5.3505,48.5268,78.42,75,56,21.45
512,Hammerfest,NO,2021-07-14 04:23:33,70.6634,23.6821,50.45,100,75,13.8
513,Luza,RU,2021-07-14 04:23:34,60.6308,47.2512,65.26,78,39,2.91
514,Clarence Town,AU,2021-07-14 04:23:34,-32.5833,151.7833,60.06,67,100,8.84
515,Eyl,SO,2021-07-14 04:23:34,7.9803,49.8164,80.42,62,86,30.18
516,Angatuba,BR,2021-07-14 04:23:35,-23.4897,-48.4128,56.55,55,20,3.44
517,Padang,ID,2021-07-14 04:19:03,-0.9492,100.3543,87.85,55,100,2.64
518,Nuuk,GL,2021-07-14 04:18:28,64.1835,-51.7216,56.01,71,75,35.68
519,Tezu,IN,2021-07-14 04:17:14,27.9167,96.1667,80.67,94,100,0.45
520,Vanderhoof,CA,2021-07-14 04:23:35,54.0166,-124.0198,72.12,46,97,3.56
521,Tautira,PF,2021-07-14 04:17:21,-17.7333,-149.15,80.62,77,30,16.53
522,Rocha,UY,2021-07-14 04:18:13,-34.4833,-54.3333,51.78,89,100,6.13
523,Kamaishi,JP,2021-07-14 04:18:00,39.2667,141.8833,83.35,90,86,6.98
524,San Ramon,US,2021-07-14 04:23:35,37.7799,-121.978,64.62,83,1,5.01
525,Neuruppin,DE,2021-07-14 04:23:35,52.9282,12.8031,68.99,95,98,4.99
526,Muscat,OM,2021-07-14 04:23:36,23.6139,58.5922,91.42,70,98,11.14
527,Lugo,ES,2021-07-14 04:23:36,43.0,-7.5,55.47,100,79,2.93
528,Djambala,CG,2021-07-14 04:23:36,-2.5447,14.7533,65.08,58,13,3.36
529,Dhidhdhoo,MV,2021-07-14 04:23:37,6.8833,73.1,82.27,79,54,13.71
530,Nemuro,JP,2021-07-14 04:23:37,43.3236,145.575,75.63,90,33,10.85
531,Bambous Virieux,MU,2021-07-14 04:17:20,-20.3428,57.7575,70.05,88,75,12.66
532,Athabasca,CA,2021-07-14 04:23:37,54.7169,-113.2854,71.29,56,56,5.5
533,Teeli,RU,2021-07-14 04:21:15,51.0333,90.2333,71.37,52,11,3.53
534,Fare,PF,2021-07-14 04:23:38,-16.7,-151.0167,80.19,75,4,18.81
535,Mehamn,NO,2021-07-14 04:17:43,71.0357,27.8492,51.98,93,75,12.66
536,Khiri Mat,TH,2021-07-14 04:23:38,16.8333,99.8,93.94,61,86,4.59
537,Mahanoro,MG,2021-07-14 04:23:38,-19.9,48.8,65.35,81,65,4.5
538,Redmond,US,2021-07-14 04:17:24,47.674,-122.1215,77.09,66,0,5.35
539,Innisfail,AU,2021-07-14 04:23:39,-17.5333,146.0333,78.87,75,52,6.38
540,Rio Grande,BR,2021-07-14 04:18:07,-32.035,-52.0986,56.95,96,100,9.55
541,Juybar,IR,2021-07-14 04:23:39,36.6412,52.9124,82.56,61,10,7.4
542,Kudahuvadhoo,MV,2021-07-14 04:23:39,2.6708,72.8944,81.16,76,100,1.61
543,Zhaodong,CN,2021-07-14 04:23:39,46.0833,125.9833,87.82,85,100,9.01
544,Rockland,US,2021-07-14 04:23:40,41.1668,-74.0496,71.46,96,100,1.66
545,Zakupne,UA,2021-07-14 04:23:40,49.1194,26.3376,69.85,80,0,6.98
546,Kaeo,NZ,2021-07-14 04:18:39,-35.1,173.7833,57.33,57,8,7.16
547,North Bend,US,2021-07-14 04:17:33,43.4065,-124.2243,58.24,89,90,19.57
548,Malayal,PH,2021-07-14 04:23:40,7.208,121.942,84.07,73,32,5.01
549,Hami,CN,2021-07-14 04:17:43,42.8,93.45,91.22,14,8,6.98
550,Yaypan,UZ,2021-07-14 04:23:41,40.3758,70.8156,85.51,29,63,3.94
551,Deputatskiy,RU,2021-07-14 04:23:41,69.3,139.9,64.83,39,66,4.97
552,Carutapera,BR,2021-07-14 04:23:41,-1.195,-46.02,75.49,93,92,5.26
553,Tecoanapa,MX,2021-07-14 04:23:41,16.5167,-98.75,79.84,79,100,4.99
554,La Primavera,CO,2021-07-14 04:23:42,5.4906,-70.4092,72.0,94,94,3.76
555,Filottrano,IT,2021-07-14 04:23:42,43.4355,13.3514,70.41,27,0,8.41
556,Beihai,CN,2021-07-14 04:23:42,21.4833,109.1,88.18,68,76,8.32
557,Gweta,BW,2021-07-14 04:23:42,-20.1833,25.2333,45.28,28,11,8.43
558,Asfi,MA,2021-07-14 04:23:43,32.2994,-9.2372,64.89,81,0,14.25
559,Acajutla,SV,2021-07-14 04:23:43,13.5928,-89.8275,77.81,82,93,3.42
560,Jiuquan,CN,2021-07-14 04:23:43,39.7432,98.5174,69.82,53,100,9.04
561,Kiboga,UG,2021-07-14 04:23:43,0.9161,31.7742,60.94,96,96,1.16
562,Bocas Del Toro,PA,2021-07-14 04:23:44,9.3333,-82.25,80.31,81,68,5.77
563,Romodanovo,RU,2021-07-14 04:20:09,54.4275,45.3296,73.11,70,34,1.39
564,Balakovo,RU,2021-07-14 04:23:44,52.0278,47.8007,73.26,70,38,6.29
565,Changping,CN,2021-07-14 04:23:44,40.2186,116.2197,92.52,58,54,4.7
566,Anloga,GH,2021-07-14 04:23:45,5.7947,0.8973,79.02,83,99,13.27
567,Serenje,ZM,2021-07-14 04:23:45,-13.2325,30.2352,51.6,76,5,4.92
568,Kushiro,JP,2021-07-14 04:23:45,42.975,144.3747,65.35,88,75,5.75
569,Beidao,CN,2021-07-14 04:23:45,34.5686,105.8933,91.38,44,98,9.66
570,Clyde River,CA,2021-07-14 04:18:05,70.4692,-68.5914,39.43,100,90,3.44
